/macro-photographie.html /taxons 301
/macro-photographie/taxonomie.html /taxons 301
/macro-photographie/fourmi.html /articles 301
/article.html /articles 301
/shop.html / 301
/contact.html /about 301
/news.html / 301
/article/20-Le-materiel-photographique-utilise.html /articles/mon-materiel-photo 301
/article/2-50mm-ou-35mm-Comment-et-quoi-choisir.html /articles/50mm-ou-35mm-pour-la-macro 301
/article/1-Comparatif-entre-un-50mm-inverse-et-un-kit-Raynox-CM-3500.html /articles/comparatif-50mm-inverse-et-kit-raynox-cm-3500 301
/article/19-Antarea.html / 301
/macro-photographie/taxonomie/formica-polyctena.html /taxons/Formica-polyctena 301
/macro-photographie/taxonomie/tetramorium-caespitum.html /taxons/Tetramorium-caespitum 301
/macro-photographie/taxonomie/dolichoderus-quadripunctatus.html /taxons/Dolichoderus-quadripunctatus 301
/macro-photographie/taxonomie/camponotus-cruentatus.html /taxons/Camponotus-cruentatus 301
/macro-photographie/taxonomie/camponotus-herculeanus.html /taxons/Camponotus-herculeanus 301
/macro-photographie/taxonomie/camponotus-ligniperdus.html /taxons/Camponotus-ligniperdus 301
/macro-photographie/taxonomie/camponotus-sylvaticus.html /taxons/Camponotus-sylvaticus 301
/macro-photographie/taxonomie/camponotus-truncatus.html /taxons/Camponotus-truncatus 301
/macro-photographie/taxonomie/cataglyphis-cursor.html /taxons/Cataglyphis-cursor 301
/macro-photographie/taxonomie/cataglyphis-pilliscapus.html /taxons/Cataglyphis-pilliscapus 301
/macro-photographie/taxonomie/formica-fusca.html /taxons/Formica-fusca 301
/macro-photographie/taxonomie/formica-sanguinea.html /taxons/Formica-sanguinea 301
/macro-photographie/taxonomie/lasius-brunneus.html /taxons/Lasius-brunneus 301
/macro-photographie/taxonomie/lasius-flavus.html /taxons/Lasius-flavus 301
/macro-photographie/taxonomie/lasius-fuliginosus.html /taxons/Lasius-fuliginosus 301
/macro-photographie/taxonomie/polyergus-rufescens.html /taxons/Polyergus-rufescens 301
/macro-photographie/taxonomie/myrmecia-forceps.html /taxons/Myrmecia-forceps 301
/macro-photographie/taxonomie/aphaenogaster-gibbosa.html /taxons/Aphaenogaster-gibbosa 301
/macro-photographie/taxonomie/aphaenogaster-spinosa.html /taxons/Aphaenogaster-spinosa 301
/macro-photographie/taxonomie/aphaenogaster-subterranea.html /taxons/Aphaenogaster-subterranea 301
/macro-photographie/taxonomie/manica-rubida.html /taxons/Manica-rubida 301
/macro-photographie/taxonomie/messor-capitatus.html /taxons/Messor-capitatus 301
/macro-photographie/taxonomie/messor-structor.html /taxons/Messor-structor 301
/macro-photographie/taxonomie/myrmica-ruginodis.html /taxons/Myrmica-ruginodis 301
/macro-photographie/taxonomie/tetramorium-meridionale.html /taxons/Tetramorium-meridionale 301
/macro-photographie/taxonomie/hypoponera-eduardi.html /taxons/Hypoponera-eduardi 301
/macro-photographie/taxonomie/ponera-coarctata.html /taxons/Ponera-coarctata 301
/macro-photographie/fourmi/19-Nouvelles-pensionnaires-de-Messor-Capitatusjpg.html /articles/nouvelles-pensionnaires-de-messor-capitatus 301
/macro-photographie/fourmi/14-Colonie-N2-Pheidole-pallidula-en-mai-2007.html /articles/colonie-pheidole-pallidula-en-mai-2007 301
/macro-photographie/fourmi/5-Photo-d-une-Formica-au-boulot.html /articles/photo-formica-au-travail 301
/macro-photographie/fourmi/13-Colonie-N2-Pheidole-pallidula-en-septembre-2006.html /articles/colonie-pheidole-pallidula-septembre-2006 301
/macro-photographie/fourmi/12-Colonie-N2-Pheidole-pallidula.html /articles/colonie-pheidole-pallidula-aout-2006 301
/macro-photographie/fourmi/9-Les-Myrmica-rubra-perdent-la-tete.html /articles/les-myrmica-rubra-perdent-la-tete 301
/macro-photographie/fourmi/4-Les-galeries-des-Lasius.html /articles/galeries-lasius 301
/macro-photographie/fourmi/7-Elevage-de-pucerons-chez-les-Lasius.html /articles/elevage-de-pucerons-chez-les-lasius 301
/macro-photographie/fourmi/1-Essaimage-Lasius-fuliginosus-en-2006.html /articles/essaimage-lasius-fuliginosus-en-2006 301
/macro-photographie/fourmi/6-Observation-des-Lasius-fuliginosus.html /articles/observation-lasius-fuliginosus 301
/macro-photographie/fourmi/3-Premiere-rencontre-avec-le-genre-Myrmica.html /articles/premiere-rencontre-avec-le-genre-myrmica 301
/macro-photographie/fourmi/8-Demenagement-printanier-des-Lasius-fuliginosus.html /articles/demenagement-printanier-lasius-fuliginosus 301
/macro-photographie/fourmi/11-Fondation-d-une-colonie-de-Pheidole-pallidula.html /articles/fondation-colonie-pheidole-pallidula 301
/macro-photographie/fourmi/10-Fondation-d-une-colonie-de-Lasius-flavus.html /articles/fondation-colonie-lasius-flavus 301
